"Id","Path","Slice Name","Alias(s)","Label","Min","Max","Must Support?","Is Modifier?","Is Summary?","Type(s)","Short","Definition","Comments","Requirements","Default Value","Meaning When Missing","Fixed Value","Pattern","Example","Minimum Value","Maximum Value","Maximum Length","Binding Strength","Binding Description","Binding Value Set","Code","Slicing Discriminator","Slicing Description","Slicing Ordered","Slicing Rules","Base Path","Base Min","Base Max","Condition(s)","Constraint(s)","Mapping: RIM Mapping"
"schedule-supporting-data","schedule-supporting-data","","","",0,*,"","","","null {[]} {[]}
","Schedule Supporting Data","This resource consolidates various mapping and conflict information related to vaccine scheduling to support decision-making processes.","","","","","","","","","",,,,,"",,,,"Element",0,*,"ele-1
","ele-1:All FHIR elements must have a @value or children {hasValue() or (children().count() > id.count())}
","n/a"
"schedule-supporting-data.id","schedule-supporting-data.id","","","",0,1,"","","","string {[]} {[]}
","Unique id for inter-element referencing","Unique id for the element within a resource (for internal references). This may be any string value that does not contain spaces.","","","","","","","","","",,,,,"",,,,"Element.id",0,1,"","","n/a"
"schedule-supporting-data.extension","schedule-supporting-data.extension","","extensions
user content","",0,*,"","","","Extension {[]} {[]}
","Additional content defined by implementations","May be used to represent additional information that is not part of the basic definition of the element. To make the use of extensions safe and manageable, there is a strict set of governance  applied to the definition and use of extensions. Though any implementer can define an extension, there is a set of requirements that SHALL be met as part of the definition of the extension.","There can be no stigma associated with the use of extensions by any application, project, or standard - regardless of the institution or jurisdiction that uses or defines the extensions.  The use of extensions is what allows the FHIR specification to retain a core level of simplicity for everyone.","","","","","","","","",,,,,"","value:url}
","Extensions are always sliced by (at least) url",,"open","Element.extension",0,*,"","ele-1:All FHIR elements must have a @value or children {hasValue() or (children().count() > id.count())}
ext-1:Must have either extensions or value[x], not both {extension.exists() != value.exists()}","n/a"
"schedule-supporting-data.liveVirusConflict","schedule-supporting-data.liveVirusConflict","","","",0,1,"","","","BackboneElement {[]} {[]}
","Potential conflicts between live virus vaccines based on previous and current vaccinations and the required time intervals to avoid interference.","Potential conflicts between live virus vaccines based on previous and current vaccinations and the required time intervals to avoid interference.","","","","","","","","","",,,,,"",,,,"schedule-supporting-data.liveVirusConflict",0,1,"","ele-1:All FHIR elements must have a @value or children {hasValue() or (children().count() > id.count())}
"
"schedule-supporting-data.liveVirusConflict.id","schedule-supporting-data.liveVirusConflict.id","","","",0,1,"","","","string {[]} {[]}
","Unique id for inter-element referencing","Unique id for the element within a resource (for internal references). This may be any string value that does not contain spaces.","","","","","","","","","",,,,,"",,,,"Element.id",0,1,"","","n/a"
"schedule-supporting-data.liveVirusConflict.extension","schedule-supporting-data.liveVirusConflict.extension","","extensions
user content","",0,*,"","","","Extension {[]} {[]}
","Additional content defined by implementations","May be used to represent additional information that is not part of the basic definition of the element. To make the use of extensions safe and manageable, there is a strict set of governance  applied to the definition and use of extensions. Though any implementer can define an extension, there is a set of requirements that SHALL be met as part of the definition of the extension.","There can be no stigma associated with the use of extensions by any application, project, or standard - regardless of the institution or jurisdiction that uses or defines the extensions.  The use of extensions is what allows the FHIR specification to retain a core level of simplicity for everyone.","","","","","","","","",,,,,"","value:url}
","Extensions are always sliced by (at least) url",,"open","Element.extension",0,*,"","ele-1:All FHIR elements must have a @value or children {hasValue() or (children().count() > id.count())}
ext-1:Must have either extensions or value[x], not both {extension.exists() != value.exists()}","n/a"
"schedule-supporting-data.liveVirusConflict.modifierExtension","schedule-supporting-data.liveVirusConflict.modifierExtension","","extensions
user contentmodifiers","",0,*,"","Y","Y","Extension {[]} {[]}
","Extensions that cannot be ignored even if unrecognized","May be used to represent additional information that is not part of the basic definition of the element and that modifies the understanding of the element in which it is contained and/or the understanding of the containing element's descendants. Usually modifier elements provide negation or qualification. To make the use of extensions safe and manageable, there is a strict set of governance applied to the definition and use of extensions. Though any implementer can define an extension, there is a set of requirements that SHALL be met as part of the definition of the extension. Applications processing a resource are required to check for modifier extensions.

Modifier extensions SHALL NOT change the meaning of any elements on Resource or DomainResource (including cannot change the meaning of modifierExtension itself).","There can be no stigma associated with the use of extensions by any application, project, or standard - regardless of the institution or jurisdiction that uses or defines the extensions.  The use of extensions is what allows the FHIR specification to retain a core level of simplicity for everyone.","Modifier extensions allow for extensions that *cannot* be safely ignored to be clearly distinguished from the vast majority of extensions which can be safely ignored.  This promotes interoperability by eliminating the need for implementers to prohibit the presence of extensions. For further information, see the [definition of modifier extensions](http://hl7.org/fhir/R4/extensibility.html#modifierExtension).","","","","","","","",,,,,"",,,,"BackboneElement.modifierExtension",0,*,"","ele-1:All FHIR elements must have a @value or children {hasValue() or (children().count() > id.count())}
ext-1:Must have either extensions or value[x], not both {extension.exists() != value.exists()}","N/A"
"schedule-supporting-data.liveVirusConflict.previous","schedule-supporting-data.liveVirusConflict.previous","","","",1,1,"","","","BackboneElement {[]} {[]}
","Details about the previous vaccination.","Details about the previous vaccination.","","","","","","","","","",,,,,"",,,,"schedule-supporting-data.liveVirusConflict.previous",1,1,"","ele-1:All FHIR elements must have a @value or children {hasValue() or (children().count() > id.count())}
"
"schedule-supporting-data.liveVirusConflict.previous.id","schedule-supporting-data.liveVirusConflict.previous.id","","","",0,1,"","","","string {[]} {[]}
","Unique id for inter-element referencing","Unique id for the element within a resource (for internal references). This may be any string value that does not contain spaces.","","","","","","","","","",,,,,"",,,,"Element.id",0,1,"","","n/a"
"schedule-supporting-data.liveVirusConflict.previous.extension","schedule-supporting-data.liveVirusConflict.previous.extension","","extensions
user content","",0,*,"","","","Extension {[]} {[]}
","Additional content defined by implementations","May be used to represent additional information that is not part of the basic definition of the element. To make the use of extensions safe and manageable, there is a strict set of governance  applied to the definition and use of extensions. Though any implementer can define an extension, there is a set of requirements that SHALL be met as part of the definition of the extension.","There can be no stigma associated with the use of extensions by any application, project, or standard - regardless of the institution or jurisdiction that uses or defines the extensions.  The use of extensions is what allows the FHIR specification to retain a core level of simplicity for everyone.","","","","","","","","",,,,,"","value:url}
","Extensions are always sliced by (at least) url",,"open","Element.extension",0,*,"","ele-1:All FHIR elements must have a @value or children {hasValue() or (children().count() > id.count())}
ext-1:Must have either extensions or value[x], not both {extension.exists() != value.exists()}","n/a"
"schedule-supporting-data.liveVirusConflict.previous.modifierExtension","schedule-supporting-data.liveVirusConflict.previous.modifierExtension","","extensions
user contentmodifiers","",0,*,"","Y","Y","Extension {[]} {[]}
","Extensions that cannot be ignored even if unrecognized","May be used to represent additional information that is not part of the basic definition of the element and that modifies the understanding of the element in which it is contained and/or the understanding of the containing element's descendants. Usually modifier elements provide negation or qualification. To make the use of extensions safe and manageable, there is a strict set of governance applied to the definition and use of extensions. Though any implementer can define an extension, there is a set of requirements that SHALL be met as part of the definition of the extension. Applications processing a resource are required to check for modifier extensions.

Modifier extensions SHALL NOT change the meaning of any elements on Resource or DomainResource (including cannot change the meaning of modifierExtension itself).","There can be no stigma associated with the use of extensions by any application, project, or standard - regardless of the institution or jurisdiction that uses or defines the extensions.  The use of extensions is what allows the FHIR specification to retain a core level of simplicity for everyone.","Modifier extensions allow for extensions that *cannot* be safely ignored to be clearly distinguished from the vast majority of extensions which can be safely ignored.  This promotes interoperability by eliminating the need for implementers to prohibit the presence of extensions. For further information, see the [definition of modifier extensions](http://hl7.org/fhir/R4/extensibility.html#modifierExtension).","","","","","","","",,,,,"",,,,"BackboneElement.modifierExtension",0,*,"","ele-1:All FHIR elements must have a @value or children {hasValue() or (children().count() > id.count())}
ext-1:Must have either extensions or value[x], not both {extension.exists() != value.exists()}","N/A"
"schedule-supporting-data.liveVirusConflict.previous.vaccineType","schedule-supporting-data.liveVirusConflict.previous.vaccineType","","","",1,1,"","","","string {[]} {[]}
","Type of the previous vaccine.","Type of the previous vaccine.","","","","","","","","","",,,,,"",,,,"schedule-supporting-data.liveVirusConflict.previous.vaccineType",1,1,"",""
"schedule-supporting-data.liveVirusConflict.previous.cvx","schedule-supporting-data.liveVirusConflict.previous.cvx","","","",1,1,"","","","string {[]} {[]}
","CVX code for the previous vaccine.","CVX code for the previous vaccine.","","","","","","","","","",,,,,"",,,,"schedule-supporting-data.liveVirusConflict.previous.cvx",1,1,"",""
"schedule-supporting-data.liveVirusConflict.current","schedule-supporting-data.liveVirusConflict.current","","","",1,1,"","","","BackboneElement {[]} {[]}
","Details about the current vaccination.","Details about the current vaccination.","","","","","","","","","",,,,,"",,,,"schedule-supporting-data.liveVirusConflict.current",1,1,"","ele-1:All FHIR elements must have a @value or children {hasValue() or (children().count() > id.count())}
"
"schedule-supporting-data.liveVirusConflict.current.id","schedule-supporting-data.liveVirusConflict.current.id","","","",0,1,"","","","string {[]} {[]}
","Unique id for inter-element referencing","Unique id for the element within a resource (for internal references). This may be any string value that does not contain spaces.","","","","","","","","","",,,,,"",,,,"Element.id",0,1,"","","n/a"
"schedule-supporting-data.liveVirusConflict.current.extension","schedule-supporting-data.liveVirusConflict.current.extension","","extensions
user content","",0,*,"","","","Extension {[]} {[]}
","Additional content defined by implementations","May be used to represent additional information that is not part of the basic definition of the element. To make the use of extensions safe and manageable, there is a strict set of governance  applied to the definition and use of extensions. Though any implementer can define an extension, there is a set of requirements that SHALL be met as part of the definition of the extension.","There can be no stigma associated with the use of extensions by any application, project, or standard - regardless of the institution or jurisdiction that uses or defines the extensions.  The use of extensions is what allows the FHIR specification to retain a core level of simplicity for everyone.","","","","","","","","",,,,,"","value:url}
","Extensions are always sliced by (at least) url",,"open","Element.extension",0,*,"","ele-1:All FHIR elements must have a @value or children {hasValue() or (children().count() > id.count())}
ext-1:Must have either extensions or value[x], not both {extension.exists() != value.exists()}","n/a"
"schedule-supporting-data.liveVirusConflict.current.modifierExtension","schedule-supporting-data.liveVirusConflict.current.modifierExtension","","extensions
user contentmodifiers","",0,*,"","Y","Y","Extension {[]} {[]}
","Extensions that cannot be ignored even if unrecognized","May be used to represent additional information that is not part of the basic definition of the element and that modifies the understanding of the element in which it is contained and/or the understanding of the containing element's descendants. Usually modifier elements provide negation or qualification. To make the use of extensions safe and manageable, there is a strict set of governance applied to the definition and use of extensions. Though any implementer can define an extension, there is a set of requirements that SHALL be met as part of the definition of the extension. Applications processing a resource are required to check for modifier extensions.

Modifier extensions SHALL NOT change the meaning of any elements on Resource or DomainResource (including cannot change the meaning of modifierExtension itself).","There can be no stigma associated with the use of extensions by any application, project, or standard - regardless of the institution or jurisdiction that uses or defines the extensions.  The use of extensions is what allows the FHIR specification to retain a core level of simplicity for everyone.","Modifier extensions allow for extensions that *cannot* be safely ignored to be clearly distinguished from the vast majority of extensions which can be safely ignored.  This promotes interoperability by eliminating the need for implementers to prohibit the presence of extensions. For further information, see the [definition of modifier extensions](http://hl7.org/fhir/R4/extensibility.html#modifierExtension).","","","","","","","",,,,,"",,,,"BackboneElement.modifierExtension",0,*,"","ele-1:All FHIR elements must have a @value or children {hasValue() or (children().count() > id.count())}
ext-1:Must have either extensions or value[x], not both {extension.exists() != value.exists()}","N/A"
"schedule-supporting-data.liveVirusConflict.current.vaccineType","schedule-supporting-data.liveVirusConflict.current.vaccineType","","","",1,1,"","","","string {[]} {[]}
","Type of the current vaccine.","Type of the current vaccine.","","","","","","","","","",,,,,"",,,,"schedule-supporting-data.liveVirusConflict.current.vaccineType",1,1,"",""
"schedule-supporting-data.liveVirusConflict.current.cvx","schedule-supporting-data.liveVirusConflict.current.cvx","","","",1,1,"","","","string {[]} {[]}
","CVX code for the current vaccine.","CVX code for the current vaccine.","","","","","","","","","",,,,,"",,,,"schedule-supporting-data.liveVirusConflict.current.cvx",1,1,"",""
"schedule-supporting-data.liveVirusConflict.conflictBeginInterval","schedule-supporting-data.liveVirusConflict.conflictBeginInterval","","","",1,1,"","","","string {[]} {[]}
","Time interval before which a conflict begins after the previous vaccination.","Time interval before which a conflict begins after the previous vaccination.","","","","","","","","","",,,,,"",,,,"schedule-supporting-data.liveVirusConflict.conflictBeginInterval",1,1,"",""
"schedule-supporting-data.liveVirusConflict.minConflictEndInterval","schedule-supporting-data.liveVirusConflict.minConflictEndInterval","","","",1,1,"","","","string {[]} {[]}
","Minimum time interval after which the conflict might end.","Minimum time interval after which the conflict might end.","","","","","","","","","",,,,,"",,,,"schedule-supporting-data.liveVirusConflict.minConflictEndInterval",1,1,"",""
"schedule-supporting-data.liveVirusConflict.conflictEndInterval","schedule-supporting-data.liveVirusConflict.conflictEndInterval","","","",1,1,"","","","string {[]} {[]}
","Time interval after which the conflict ends.","Time interval after which the conflict ends.","","","","","","","","","",,,,,"",,,,"schedule-supporting-data.liveVirusConflict.conflictEndInterval",1,1,"",""
"schedule-supporting-data.vaccineGroupMap","schedule-supporting-data.vaccineGroupMap","","","",0,1,"","","","BackboneElement {[]} {[]}
","Mapping of vaccine groups to their specific attributes.","Mapping of vaccine groups to their specific attributes.","","","","","","","","","",,,,,"",,,,"schedule-supporting-data.vaccineGroupMap",0,1,"","ele-1:All FHIR elements must have a @value or children {hasValue() or (children().count() > id.count())}
"
"schedule-supporting-data.vaccineGroupMap.id","schedule-supporting-data.vaccineGroupMap.id","","","",0,1,"","","","string {[]} {[]}
","Unique id for inter-element referencing","Unique id for the element within a resource (for internal references). This may be any string value that does not contain spaces.","","","","","","","","","",,,,,"",,,,"Element.id",0,1,"","","n/a"
"schedule-supporting-data.vaccineGroupMap.extension","schedule-supporting-data.vaccineGroupMap.extension","","extensions
user content","",0,*,"","","","Extension {[]} {[]}
","Additional content defined by implementations","May be used to represent additional information that is not part of the basic definition of the element. To make the use of extensions safe and manageable, there is a strict set of governance  applied to the definition and use of extensions. Though any implementer can define an extension, there is a set of requirements that SHALL be met as part of the definition of the extension.","There can be no stigma associated with the use of extensions by any application, project, or standard - regardless of the institution or jurisdiction that uses or defines the extensions.  The use of extensions is what allows the FHIR specification to retain a core level of simplicity for everyone.","","","","","","","","",,,,,"","value:url}
","Extensions are always sliced by (at least) url",,"open","Element.extension",0,*,"","ele-1:All FHIR elements must have a @value or children {hasValue() or (children().count() > id.count())}
ext-1:Must have either extensions or value[x], not both {extension.exists() != value.exists()}","n/a"
"schedule-supporting-data.vaccineGroupMap.modifierExtension","schedule-supporting-data.vaccineGroupMap.modifierExtension","","extensions
user contentmodifiers","",0,*,"","Y","Y","Extension {[]} {[]}
","Extensions that cannot be ignored even if unrecognized","May be used to represent additional information that is not part of the basic definition of the element and that modifies the understanding of the element in which it is contained and/or the understanding of the containing element's descendants. Usually modifier elements provide negation or qualification. To make the use of extensions safe and manageable, there is a strict set of governance applied to the definition and use of extensions. Though any implementer can define an extension, there is a set of requirements that SHALL be met as part of the definition of the extension. Applications processing a resource are required to check for modifier extensions.

Modifier extensions SHALL NOT change the meaning of any elements on Resource or DomainResource (including cannot change the meaning of modifierExtension itself).","There can be no stigma associated with the use of extensions by any application, project, or standard - regardless of the institution or jurisdiction that uses or defines the extensions.  The use of extensions is what allows the FHIR specification to retain a core level of simplicity for everyone.","Modifier extensions allow for extensions that *cannot* be safely ignored to be clearly distinguished from the vast majority of extensions which can be safely ignored.  This promotes interoperability by eliminating the need for implementers to prohibit the presence of extensions. For further information, see the [definition of modifier extensions](http://hl7.org/fhir/R4/extensibility.html#modifierExtension).","","","","","","","",,,,,"",,,,"BackboneElement.modifierExtension",0,*,"","ele-1:All FHIR elements must have a @value or children {hasValue() or (children().count() > id.count())}
ext-1:Must have either extensions or value[x], not both {extension.exists() != value.exists()}","N/A"
"schedule-supporting-data.vaccineGroupMap.name","schedule-supporting-data.vaccineGroupMap.name","","","",1,1,"","","","string {[]} {[]}
","Name of the vaccine group.","Name of the vaccine group.","","","","","","","","","",,,,,"",,,,"schedule-supporting-data.vaccineGroupMap.name",1,1,"",""
"schedule-supporting-data.vaccineGroupMap.administerFullVaccineGroup","schedule-supporting-data.vaccineGroupMap.administerFullVaccineGroup","","","",0,1,"","","","boolean {[]} {[]}
","Flag to indicate if the full vaccine group should be administered.","Flag to indicate if the full vaccine group should be administered.","","","","","","","","","",,,,,"",,,,"schedule-supporting-data.vaccineGroupMap.administerFullVaccineGroup",0,1,"",""
"schedule-supporting-data.vaccineGroupToAntigenMap","schedule-supporting-data.vaccineGroupToAntigenMap","","","",0,1,"","","","BackboneElement {[]} {[]}
","Mapping of vaccine groups to their associated antigens.","Mapping of vaccine groups to their associated antigens.","","","","","","","","","",,,,,"",,,,"schedule-supporting-data.vaccineGroupToAntigenMap",0,1,"","ele-1:All FHIR elements must have a @value or children {hasValue() or (children().count() > id.count())}
"
"schedule-supporting-data.vaccineGroupToAntigenMap.id","schedule-supporting-data.vaccineGroupToAntigenMap.id","","","",0,1,"","","","string {[]} {[]}
","Unique id for inter-element referencing","Unique id for the element within a resource (for internal references). This may be any string value that does not contain spaces.","","","","","","","","","",,,,,"",,,,"Element.id",0,1,"","","n/a"
"schedule-supporting-data.vaccineGroupToAntigenMap.extension","schedule-supporting-data.vaccineGroupToAntigenMap.extension","","extensions
user content","",0,*,"","","","Extension {[]} {[]}
","Additional content defined by implementations","May be used to represent additional information that is not part of the basic definition of the element. To make the use of extensions safe and manageable, there is a strict set of governance  applied to the definition and use of extensions. Though any implementer can define an extension, there is a set of requirements that SHALL be met as part of the definition of the extension.","There can be no stigma associated with the use of extensions by any application, project, or standard - regardless of the institution or jurisdiction that uses or defines the extensions.  The use of extensions is what allows the FHIR specification to retain a core level of simplicity for everyone.","","","","","","","","",,,,,"","value:url}
","Extensions are always sliced by (at least) url",,"open","Element.extension",0,*,"","ele-1:All FHIR elements must have a @value or children {hasValue() or (children().count() > id.count())}
ext-1:Must have either extensions or value[x], not both {extension.exists() != value.exists()}","n/a"
"schedule-supporting-data.vaccineGroupToAntigenMap.modifierExtension","schedule-supporting-data.vaccineGroupToAntigenMap.modifierExtension","","extensions
user contentmodifiers","",0,*,"","Y","Y","Extension {[]} {[]}
","Extensions that cannot be ignored even if unrecognized","May be used to represent additional information that is not part of the basic definition of the element and that modifies the understanding of the element in which it is contained and/or the understanding of the containing element's descendants. Usually modifier elements provide negation or qualification. To make the use of extensions safe and manageable, there is a strict set of governance applied to the definition and use of extensions. Though any implementer can define an extension, there is a set of requirements that SHALL be met as part of the definition of the extension. Applications processing a resource are required to check for modifier extensions.

Modifier extensions SHALL NOT change the meaning of any elements on Resource or DomainResource (including cannot change the meaning of modifierExtension itself).","There can be no stigma associated with the use of extensions by any application, project, or standard - regardless of the institution or jurisdiction that uses or defines the extensions.  The use of extensions is what allows the FHIR specification to retain a core level of simplicity for everyone.","Modifier extensions allow for extensions that *cannot* be safely ignored to be clearly distinguished from the vast majority of extensions which can be safely ignored.  This promotes interoperability by eliminating the need for implementers to prohibit the presence of extensions. For further information, see the [definition of modifier extensions](http://hl7.org/fhir/R4/extensibility.html#modifierExtension).","","","","","","","",,,,,"",,,,"BackboneElement.modifierExtension",0,*,"","ele-1:All FHIR elements must have a @value or children {hasValue() or (children().count() > id.count())}
ext-1:Must have either extensions or value[x], not both {extension.exists() != value.exists()}","N/A"
"schedule-supporting-data.vaccineGroupToAntigenMap.name","schedule-supporting-data.vaccineGroupToAntigenMap.name","","","",0,1,"","","","string {[]} {[]}
","The name of the vaccine group.","The name of the vaccine group.","","","","","","","","","",,,,,"",,,,"schedule-supporting-data.vaccineGroupToAntigenMap.name",0,1,"",""
"schedule-supporting-data.vaccineGroupToAntigenMap.antigen","schedule-supporting-data.vaccineGroupToAntigenMap.antigen","","","",0,*,"","","","string {[]} {[]}
","List of antigens associated with the vaccine group.","List of antigens associated with the vaccine group.","","","","","","","","","",,,,,"",,,,"schedule-supporting-data.vaccineGroupToAntigenMap.antigen",0,*,"",""
"schedule-supporting-data.cvxToAntigenMap","schedule-supporting-data.cvxToAntigenMap","","","",0,1,"","","","BackboneElement {[]} {[]}
","Maps CVX Codes to Antigens and Ages.","Maps CVX Codes to Antigens and Ages.","","","","","","","","","",,,,,"",,,,"schedule-supporting-data.cvxToAntigenMap",0,1,"","ele-1:All FHIR elements must have a @value or children {hasValue() or (children().count() > id.count())}
"
"schedule-supporting-data.cvxToAntigenMap.id","schedule-supporting-data.cvxToAntigenMap.id","","","",0,1,"","","","string {[]} {[]}
","Unique id for inter-element referencing","Unique id for the element within a resource (for internal references). This may be any string value that does not contain spaces.","","","","","","","","","",,,,,"",,,,"Element.id",0,1,"","","n/a"
"schedule-supporting-data.cvxToAntigenMap.extension","schedule-supporting-data.cvxToAntigenMap.extension","","extensions
user content","",0,*,"","","","Extension {[]} {[]}
","Additional content defined by implementations","May be used to represent additional information that is not part of the basic definition of the element. To make the use of extensions safe and manageable, there is a strict set of governance  applied to the definition and use of extensions. Though any implementer can define an extension, there is a set of requirements that SHALL be met as part of the definition of the extension.","There can be no stigma associated with the use of extensions by any application, project, or standard - regardless of the institution or jurisdiction that uses or defines the extensions.  The use of extensions is what allows the FHIR specification to retain a core level of simplicity for everyone.","","","","","","","","",,,,,"","value:url}
","Extensions are always sliced by (at least) url",,"open","Element.extension",0,*,"","ele-1:All FHIR elements must have a @value or children {hasValue() or (children().count() > id.count())}
ext-1:Must have either extensions or value[x], not both {extension.exists() != value.exists()}","n/a"
"schedule-supporting-data.cvxToAntigenMap.modifierExtension","schedule-supporting-data.cvxToAntigenMap.modifierExtension","","extensions
user contentmodifiers","",0,*,"","Y","Y","Extension {[]} {[]}
","Extensions that cannot be ignored even if unrecognized","May be used to represent additional information that is not part of the basic definition of the element and that modifies the understanding of the element in which it is contained and/or the understanding of the containing element's descendants. Usually modifier elements provide negation or qualification. To make the use of extensions safe and manageable, there is a strict set of governance applied to the definition and use of extensions. Though any implementer can define an extension, there is a set of requirements that SHALL be met as part of the definition of the extension. Applications processing a resource are required to check for modifier extensions.

Modifier extensions SHALL NOT change the meaning of any elements on Resource or DomainResource (including cannot change the meaning of modifierExtension itself).","There can be no stigma associated with the use of extensions by any application, project, or standard - regardless of the institution or jurisdiction that uses or defines the extensions.  The use of extensions is what allows the FHIR specification to retain a core level of simplicity for everyone.","Modifier extensions allow for extensions that *cannot* be safely ignored to be clearly distinguished from the vast majority of extensions which can be safely ignored.  This promotes interoperability by eliminating the need for implementers to prohibit the presence of extensions. For further information, see the [definition of modifier extensions](http://hl7.org/fhir/R4/extensibility.html#modifierExtension).","","","","","","","",,,,,"",,,,"BackboneElement.modifierExtension",0,*,"","ele-1:All FHIR elements must have a @value or children {hasValue() or (children().count() > id.count())}
ext-1:Must have either extensions or value[x], not both {extension.exists() != value.exists()}","N/A"
"schedule-supporting-data.cvxToAntigenMap.cvx","schedule-supporting-data.cvxToAntigenMap.cvx","","","",0,1,"","","","string {[]} {[]}
","CVX Code","CVX Code","","","","","","","","","",,,,,"",,,,"schedule-supporting-data.cvxToAntigenMap.cvx",0,1,"",""
"schedule-supporting-data.cvxToAntigenMap.shortDescription","schedule-supporting-data.cvxToAntigenMap.shortDescription","","","",0,1,"","","","string {[]} {[]}
","Short Description of this CVX","Short Description of this CVX","","","","","","","","","",,,,,"",,,,"schedule-supporting-data.cvxToAntigenMap.shortDescription",0,1,"",""
"schedule-supporting-data.cvxToAntigenMap.association","schedule-supporting-data.cvxToAntigenMap.association","","","",0,*,"","","","BackboneElement {[]} {[]}
","A list of associated antigens and ages.","A list of associated antigens and ages.","","","","","","","","","",,,,,"",,,,"schedule-supporting-data.cvxToAntigenMap.association",0,*,"","ele-1:All FHIR elements must have a @value or children {hasValue() or (children().count() > id.count())}
"
"schedule-supporting-data.cvxToAntigenMap.association.id","schedule-supporting-data.cvxToAntigenMap.association.id","","","",0,1,"","","","string {[]} {[]}
","Unique id for inter-element referencing","Unique id for the element within a resource (for internal references). This may be any string value that does not contain spaces.","","","","","","","","","",,,,,"",,,,"Element.id",0,1,"","","n/a"
"schedule-supporting-data.cvxToAntigenMap.association.extension","schedule-supporting-data.cvxToAntigenMap.association.extension","","extensions
user content","",0,*,"","","","Extension {[]} {[]}
","Additional content defined by implementations","May be used to represent additional information that is not part of the basic definition of the element. To make the use of extensions safe and manageable, there is a strict set of governance  applied to the definition and use of extensions. Though any implementer can define an extension, there is a set of requirements that SHALL be met as part of the definition of the extension.","There can be no stigma associated with the use of extensions by any application, project, or standard - regardless of the institution or jurisdiction that uses or defines the extensions.  The use of extensions is what allows the FHIR specification to retain a core level of simplicity for everyone.","","","","","","","","",,,,,"","value:url}
","Extensions are always sliced by (at least) url",,"open","Element.extension",0,*,"","ele-1:All FHIR elements must have a @value or children {hasValue() or (children().count() > id.count())}
ext-1:Must have either extensions or value[x], not both {extension.exists() != value.exists()}","n/a"
"schedule-supporting-data.cvxToAntigenMap.association.modifierExtension","schedule-supporting-data.cvxToAntigenMap.association.modifierExtension","","extensions
user contentmodifiers","",0,*,"","Y","Y","Extension {[]} {[]}
","Extensions that cannot be ignored even if unrecognized","May be used to represent additional information that is not part of the basic definition of the element and that modifies the understanding of the element in which it is contained and/or the understanding of the containing element's descendants. Usually modifier elements provide negation or qualification. To make the use of extensions safe and manageable, there is a strict set of governance applied to the definition and use of extensions. Though any implementer can define an extension, there is a set of requirements that SHALL be met as part of the definition of the extension. Applications processing a resource are required to check for modifier extensions.

Modifier extensions SHALL NOT change the meaning of any elements on Resource or DomainResource (including cannot change the meaning of modifierExtension itself).","There can be no stigma associated with the use of extensions by any application, project, or standard - regardless of the institution or jurisdiction that uses or defines the extensions.  The use of extensions is what allows the FHIR specification to retain a core level of simplicity for everyone.","Modifier extensions allow for extensions that *cannot* be safely ignored to be clearly distinguished from the vast majority of extensions which can be safely ignored.  This promotes interoperability by eliminating the need for implementers to prohibit the presence of extensions. For further information, see the [definition of modifier extensions](http://hl7.org/fhir/R4/extensibility.html#modifierExtension).","","","","","","","",,,,,"",,,,"BackboneElement.modifierExtension",0,*,"","ele-1:All FHIR elements must have a @value or children {hasValue() or (children().count() > id.count())}
ext-1:Must have either extensions or value[x], not both {extension.exists() != value.exists()}","N/A"
"schedule-supporting-data.cvxToAntigenMap.association.antigen","schedule-supporting-data.cvxToAntigenMap.association.antigen","","","",0,1,"","","","string {[]} {[]}
","Name of the antigen","Name of the antigen","","","","","","","","","",,,,,"",,,,"schedule-supporting-data.cvxToAntigenMap.association.antigen",0,1,"",""
"schedule-supporting-data.cvxToAntigenMap.association.associationBeginAge","schedule-supporting-data.cvxToAntigenMap.association.associationBeginAge","","","",0,1,"","","","string {[]} {[]}
","Starting age, if applicable, when this antigen is associated with this CVX code","Starting age, if applicable, when this antigen is associated with this CVX code","","","","","","","","","",,,,,"",,,,"schedule-supporting-data.cvxToAntigenMap.association.associationBeginAge",0,1,"",""
"schedule-supporting-data.cvxToAntigenMap.association.associationEndAge","schedule-supporting-data.cvxToAntigenMap.association.associationEndAge","","","",0,1,"","","","string {[]} {[]}
","Ending age, if applicable, when this antigen is associated with this CVX code","Ending age, if applicable, when this antigen is associated with this CVX code","","","","","","","","","",,,,,"",,,,"schedule-supporting-data.cvxToAntigenMap.association.associationEndAge",0,1,"",""
"schedule-supporting-data.vaccinationObservationMap","schedule-supporting-data.vaccinationObservationMap","","","",0,1,"","","","BackboneElement {[]} {[]}
","Describes the observation rules for vaccination based on specific patient conditions.","Describes the observation rules for vaccination based on specific patient conditions.","","","","","","","","","",,,,,"",,,,"schedule-supporting-data.vaccinationObservationMap",0,1,"","ele-1:All FHIR elements must have a @value or children {hasValue() or (children().count() > id.count())}
"
"schedule-supporting-data.vaccinationObservationMap.id","schedule-supporting-data.vaccinationObservationMap.id","","","",0,1,"","","","string {[]} {[]}
","Unique id for inter-element referencing","Unique id for the element within a resource (for internal references). This may be any string value that does not contain spaces.","","","","","","","","","",,,,,"",,,,"Element.id",0,1,"","","n/a"
"schedule-supporting-data.vaccinationObservationMap.extension","schedule-supporting-data.vaccinationObservationMap.extension","","extensions
user content","",0,*,"","","","Extension {[]} {[]}
","Additional content defined by implementations","May be used to represent additional information that is not part of the basic definition of the element. To make the use of extensions safe and manageable, there is a strict set of governance  applied to the definition and use of extensions. Though any implementer can define an extension, there is a set of requirements that SHALL be met as part of the definition of the extension.","There can be no stigma associated with the use of extensions by any application, project, or standard - regardless of the institution or jurisdiction that uses or defines the extensions.  The use of extensions is what allows the FHIR specification to retain a core level of simplicity for everyone.","","","","","","","","",,,,,"","value:url}
","Extensions are always sliced by (at least) url",,"open","Element.extension",0,*,"","ele-1:All FHIR elements must have a @value or children {hasValue() or (children().count() > id.count())}
ext-1:Must have either extensions or value[x], not both {extension.exists() != value.exists()}","n/a"
"schedule-supporting-data.vaccinationObservationMap.modifierExtension","schedule-supporting-data.vaccinationObservationMap.modifierExtension","","extensions
user contentmodifiers","",0,*,"","Y","Y","Extension {[]} {[]}
","Extensions that cannot be ignored even if unrecognized","May be used to represent additional information that is not part of the basic definition of the element and that modifies the understanding of the element in which it is contained and/or the understanding of the containing element's descendants. Usually modifier elements provide negation or qualification. To make the use of extensions safe and manageable, there is a strict set of governance applied to the definition and use of extensions. Though any implementer can define an extension, there is a set of requirements that SHALL be met as part of the definition of the extension. Applications processing a resource are required to check for modifier extensions.

Modifier extensions SHALL NOT change the meaning of any elements on Resource or DomainResource (including cannot change the meaning of modifierExtension itself).","There can be no stigma associated with the use of extensions by any application, project, or standard - regardless of the institution or jurisdiction that uses or defines the extensions.  The use of extensions is what allows the FHIR specification to retain a core level of simplicity for everyone.","Modifier extensions allow for extensions that *cannot* be safely ignored to be clearly distinguished from the vast majority of extensions which can be safely ignored.  This promotes interoperability by eliminating the need for implementers to prohibit the presence of extensions. For further information, see the [definition of modifier extensions](http://hl7.org/fhir/R4/extensibility.html#modifierExtension).","","","","","","","",,,,,"",,,,"BackboneElement.modifierExtension",0,*,"","ele-1:All FHIR elements must have a @value or children {hasValue() or (children().count() > id.count())}
ext-1:Must have either extensions or value[x], not both {extension.exists() != value.exists()}","N/A"
"schedule-supporting-data.vaccinationObservationMap.observationCode","schedule-supporting-data.vaccinationObservationMap.observationCode","","","",1,1,"","","","string {[]} {[]}
","Unique code for the observation.","Unique code for the observation.","","","","","","","","","",,,,,"",,,,"schedule-supporting-data.vaccinationObservationMap.observationCode",1,1,"",""
"schedule-supporting-data.vaccinationObservationMap.observationTitle","schedule-supporting-data.vaccinationObservationMap.observationTitle","","","",1,1,"","","","string {[]} {[]}
","Title of the observation.","Title of the observation.","","","","","","","","","",,,,,"",,,,"schedule-supporting-data.vaccinationObservationMap.observationTitle",1,1,"",""
"schedule-supporting-data.vaccinationObservationMap.indicationText","schedule-supporting-data.vaccinationObservationMap.indicationText","","","",0,1,"","","","string {[]} {[]}
","Text indicating why the vaccine should be administered.","Text indicating why the vaccine should be administered.","","","","","","","","","",,,,,"",,,,"schedule-supporting-data.vaccinationObservationMap.indicationText",0,1,"",""
"schedule-supporting-data.vaccinationObservationMap.contraindicationText","schedule-supporting-data.vaccinationObservationMap.contraindicationText","","","",0,1,"","","","string {[]} {[]}
","Text indicating why the vaccine should not be administered.","Text indicating why the vaccine should not be administered.","","","","","","","","","",,,,,"",,,,"schedule-supporting-data.vaccinationObservationMap.contraindicationText",0,1,"",""
"schedule-supporting-data.vaccinationObservationMap.clarifyingText","schedule-supporting-data.vaccinationObservationMap.clarifyingText","","","",0,1,"","","","string {[]} {[]}
","Additional clarifications for the vaccination rule.","Additional clarifications for the vaccination rule.","","","","","","","","","",,,,,"",,,,"schedule-supporting-data.vaccinationObservationMap.clarifyingText",0,1,"",""
"schedule-supporting-data.vaccinationObservationMap.codedValues","schedule-supporting-data.vaccinationObservationMap.codedValues","","","",0,*,"","","","BackboneElement {[]} {[]}
","List of associated SNOMED or other coded values relevant to the observation.","List of associated SNOMED or other coded values relevant to the observation.","","","","","","","","","",,,,,"",,,,"schedule-supporting-data.vaccinationObservationMap.codedValues",0,*,"","ele-1:All FHIR elements must have a @value or children {hasValue() or (children().count() > id.count())}
"
"schedule-supporting-data.vaccinationObservationMap.codedValues.id","schedule-supporting-data.vaccinationObservationMap.codedValues.id","","","",0,1,"","","","string {[]} {[]}
","Unique id for inter-element referencing","Unique id for the element within a resource (for internal references). This may be any string value that does not contain spaces.","","","","","","","","","",,,,,"",,,,"Element.id",0,1,"","","n/a"
"schedule-supporting-data.vaccinationObservationMap.codedValues.extension","schedule-supporting-data.vaccinationObservationMap.codedValues.extension","","extensions
user content","",0,*,"","","","Extension {[]} {[]}
","Additional content defined by implementations","May be used to represent additional information that is not part of the basic definition of the element. To make the use of extensions safe and manageable, there is a strict set of governance  applied to the definition and use of extensions. Though any implementer can define an extension, there is a set of requirements that SHALL be met as part of the definition of the extension.","There can be no stigma associated with the use of extensions by any application, project, or standard - regardless of the institution or jurisdiction that uses or defines the extensions.  The use of extensions is what allows the FHIR specification to retain a core level of simplicity for everyone.","","","","","","","","",,,,,"","value:url}
","Extensions are always sliced by (at least) url",,"open","Element.extension",0,*,"","ele-1:All FHIR elements must have a @value or children {hasValue() or (children().count() > id.count())}
ext-1:Must have either extensions or value[x], not both {extension.exists() != value.exists()}","n/a"
"schedule-supporting-data.vaccinationObservationMap.codedValues.modifierExtension","schedule-supporting-data.vaccinationObservationMap.codedValues.modifierExtension","","extensions
user contentmodifiers","",0,*,"","Y","Y","Extension {[]} {[]}
","Extensions that cannot be ignored even if unrecognized","May be used to represent additional information that is not part of the basic definition of the element and that modifies the understanding of the element in which it is contained and/or the understanding of the containing element's descendants. Usually modifier elements provide negation or qualification. To make the use of extensions safe and manageable, there is a strict set of governance applied to the definition and use of extensions. Though any implementer can define an extension, there is a set of requirements that SHALL be met as part of the definition of the extension. Applications processing a resource are required to check for modifier extensions.

Modifier extensions SHALL NOT change the meaning of any elements on Resource or DomainResource (including cannot change the meaning of modifierExtension itself).","There can be no stigma associated with the use of extensions by any application, project, or standard - regardless of the institution or jurisdiction that uses or defines the extensions.  The use of extensions is what allows the FHIR specification to retain a core level of simplicity for everyone.","Modifier extensions allow for extensions that *cannot* be safely ignored to be clearly distinguished from the vast majority of extensions which can be safely ignored.  This promotes interoperability by eliminating the need for implementers to prohibit the presence of extensions. For further information, see the [definition of modifier extensions](http://hl7.org/fhir/R4/extensibility.html#modifierExtension).","","","","","","","",,,,,"",,,,"BackboneElement.modifierExtension",0,*,"","ele-1:All FHIR elements must have a @value or children {hasValue() or (children().count() > id.count())}
ext-1:Must have either extensions or value[x], not both {extension.exists() != value.exists()}","N/A"
"schedule-supporting-data.vaccinationObservationMap.codedValues.code","schedule-supporting-data.vaccinationObservationMap.codedValues.code","","","",1,1,"","","","string {[]} {[]}
","Code identifying the condition or observation.","Code identifying the condition or observation.","","","","","","","","","",,,,,"",,,,"schedule-supporting-data.vaccinationObservationMap.codedValues.code",1,1,"",""
"schedule-supporting-data.vaccinationObservationMap.codedValues.codeSystem","schedule-supporting-data.vaccinationObservationMap.codedValues.codeSystem","","","",1,1,"","","","string {[]} {[]}
","The system in which the code is valid (e.g., SNOMED, CDCPHINVS).","The system in which the code is valid (e.g., SNOMED, CDCPHINVS).","","","","","","","","","",,,,,"",,,,"schedule-supporting-data.vaccinationObservationMap.codedValues.codeSystem",1,1,"",""
"schedule-supporting-data.vaccinationObservationMap.codedValues.text","schedule-supporting-data.vaccinationObservationMap.codedValues.text","","","",1,1,"","","","string {[]} {[]}
","Human-readable name or description of the code.","Human-readable name or description of the code.","","","","","","","","","",,,,,"",,,,"schedule-supporting-data.vaccinationObservationMap.codedValues.text",1,1,"",""
