Source File	Size	loadResources	load	generateSnapshots	load-configure	scan	loadDepInfo	loadInfo	checkR4R4B	generateNarratives	validate	loadLists	checkConformanceResources	checkConformanceResources2	checkConformanceResources3	generateLogicalMaps	validateExpressions	scanForUsageStats	checkURLsUnique	processProvenanceDetails	translate	generate1	generate2	generateLogicals	makeDependencies	generateExampleZip	generateValidationPack	scanProfilesForR5	scanExamplesForR5
/fsh-generated/resources/ImplementationGuide-fhir.fhir-fli.bumblebee.json	23914	-	0	0	0	0	0	0	11	29	0	0	0	0	0	0	0	0	0	0	0	195	161	0	0	0	6	0	2
fsh-generated/resources/CodeSystem-body-region-cs.json	3136	4	0	0	1	0	0	0	0	8	0	0	0	0	0	0	0	0	0	0	0	68	98	0	0	0	0	0	0
fsh-generated/resources/CodeSystem-disaster-relation-cs.json	1077	1	0	0	0	0	0	0	1	3	0	0	0	0	0	0	0	0	0	0	0	58	47	0	0	0	1	0	0
fsh-generated/resources/CodeSystem-treatment-level-cs.json	831	1	0	0	0	0	0	0	0	2	0	0	0	0	0	0	0	0	0	0	0	60	46	0	0	0	0	0	0
fsh-generated/resources/StructureDefinition-admin-division.json	2953	6	0	19	0	0	0	0	0	36	0	0	1	0	0	0	0	1	0	0	0	169	609	0	0	0	2	1	1
fsh-generated/resources/StructureDefinition-bumblebee-allergy-asked.json	2341	3	0	58	0	0	0	0	0	13	0	0	0	0	0	0	0	1	0	0	0	296	483	0	0	0	5	0	0
fsh-generated/resources/StructureDefinition-bumblebee-allergy.json	2363	2	0	35	0	0	0	0	0	12	0	0	0	0	0	0	0	0	0	0	0	230	301	0	0	0	4	0	1
fsh-generated/resources/StructureDefinition-bumblebee-body-site-finding.json	1808	1	0	44	1	0	0	0	0	13	0	0	0	0	0	0	0	1	0	0	0	250	316	0	1	0	5	0	0
fsh-generated/resources/StructureDefinition-bumblebee-complication.json	1272	2	0	20	0	0	0	0	0	8	0	0	0	0	0	0	0	0	0	0	0	176	230	0	0	0	3	0	0
fsh-generated/resources/StructureDefinition-bumblebee-consent.json	1415	1	0	18	0	0	0	0	0	27	0	0	0	0	0	0	0	1	0	0	0	228	231	0	0	0	3	0	1
fsh-generated/resources/StructureDefinition-bumblebee-deterioration-flag.json	1016	1	0	11	0	0	0	0	0	8	0	0	0	0	0	0	0	0	0	0	0	124	123	0	0	0	1	0	0
fsh-generated/resources/StructureDefinition-bumblebee-diagnosis.json	4646	3	0	19	0	0	0	0	0	16	0	0	0	0	0	0	0	0	0	0	0	258	353	0	0	0	4	0	0
fsh-generated/resources/StructureDefinition-bumblebee-encounter.json	4530	2	0	22	0	0	0	0	0	16	0	0	1	0	0	0	0	1	0	0	0	327	392	0	0	0	7	0	1
fsh-generated/resources/StructureDefinition-bumblebee-fluid-balance.json	2199	2	0	19	0	0	0	0	0	17	0	0	0	0	0	0	0	0	0	0	0	259	285	0	0	0	4	0	0
fsh-generated/resources/StructureDefinition-bumblebee-follow-up.json	2465	1	0	20	0	0	0	0	0	12	0	0	0	0	0	0	0	1	0	0	0	218	276	0	0	0	4	1	1
fsh-generated/resources/StructureDefinition-bumblebee-handover.json	1586	2	0	18	0	0	0	0	0	11	0	0	0	0	0	0	0	0	0	0	0	223	256	0	0	0	5	0	0
fsh-generated/resources/StructureDefinition-bumblebee-immunization.json	2171	1	0	20	0	0	0	0	0	11	0	0	0	0	0	0	0	1	0	0	0	250	235	0	0	0	4	0	1
fsh-generated/resources/StructureDefinition-bumblebee-location.json	1684	1	0	14	1	0	0	0	0	8	0	0	0	0	0	0	0	0	0	0	0	173	198	0	0	0	2	0	0
fsh-generated/resources/StructureDefinition-bumblebee-medication-given.json	3257	1	0	11	0	0	1	0	0	13	0	0	0	0	0	0	0	1	0	0	0	238	200	0	0	0	3	0	0
fsh-generated/resources/StructureDefinition-bumblebee-medication-take-home.json	3122	1	0	14	0	0	0	0	0	10	0	0	0	0	0	0	0	0	0	0	0	226	211	0	0	0	3	0	1
fsh-generated/resources/StructureDefinition-bumblebee-medication-taken.json	2213	2	0	11	0	0	0	0	0	8	0	0	0	0	0	0	0	0	0	0	0	169	169	0	0	0	2	0	0
fsh-generated/resources/StructureDefinition-bumblebee-muac.json	2676	2	0	29	0	0	0	0	0	11	0	0	0	0	0	0	0	1	0	0	0	271	244	0	0	0	5	0	0
fsh-generated/resources/StructureDefinition-bumblebee-notifiable-disease.json	2386	1	0	39	0	0	0	0	0	9	0	0	0	0	0	0	0	0	0	0	0	217	234	0	0	0	3	0	1
fsh-generated/resources/StructureDefinition-bumblebee-organization.json	2168	2	0	11	0	0	0	0	0	7	0	0	0	0	0	0	0	1	0	0	0	160	130	0	0	0	2	1	0
fsh-generated/resources/StructureDefinition-bumblebee-pain-score.json	2184	1	0	14	1	0	0	0	0	11	0	0	0	0	0	0	0	0	0	0	0	254	198	0	0	0	3	0	1
fsh-generated/resources/StructureDefinition-bumblebee-patient-summary.json	1310	1	0	12	0	0	0	0	0	11	0	0	1	0	0	0	0	1	0	0	0	250	179	0	0	0	4	0	0
fsh-generated/resources/StructureDefinition-bumblebee-patient.json	5034	2	0	22	0	0	0	0	0	16	0	0	0	0	0	0	0	0	0	0	0	314	305	0	0	0	6	0	1
fsh-generated/resources/StructureDefinition-bumblebee-pregnancy-status.json	1310	1	0	11	0	0	0	0	0	10	0	0	0	0	0	0	0	1	0	0	0	235	195	0	0	0	3	0	0
fsh-generated/resources/StructureDefinition-bumblebee-problem.json	1341	1	0	11	0	0	0	0	0	7	0	0	0	0	0	0	0	0	0	0	0	195	162	0	0	0	3	0	0
fsh-generated/resources/StructureDefinition-bumblebee-procedure.json	2494	1	0	17	0	0	0	0	1	9	0	0	0	0	0	0	0	1	0	0	0	220	164	0	0	0	4	0	1
fsh-generated/resources/StructureDefinition-bumblebee-referral.json	1391	1	0	11	0	0	0	0	0	7	0	0	0	0	0	0	0	0	0	0	0	202	174	0	0	0	6	0	0
fsh-generated/resources/StructureDefinition-bumblebee-related-person.json	1071	1	0	7	0	0	0	0	0	6	0	0	0	0	0	0	0	0	0	0	0	139	140	0	0	0	2	0	1
fsh-generated/resources/StructureDefinition-bumblebee-return-advice.json	2364	1	0	8	0	0	0	0	0	19	0	0	0	0	0	0	0	1	0	0	0	191	158	0	0	0	4	0	0
fsh-generated/resources/StructureDefinition-bumblebee-tbsa.json	1737	1	0	14	0	0	0	0	0	10	0	0	0	0	0	0	0	0	0	0	0	256	183	0	0	0	4	0	0
fsh-generated/resources/StructureDefinition-bumblebee-transfer-document.json	1261	2	0	13	0	0	0	0	0	8	0	0	0	0	0	0	0	1	0	0	0	237	163	0	0	0	5	1	1
fsh-generated/resources/StructureDefinition-bumblebee-triage-assessment.json	4815	2	0	16	0	0	0	0	0	14	0	0	0	0	0	0	0	0	0	0	0	335	262	0	0	0	6	0	0
fsh-generated/resources/StructureDefinition-bumblebee-vital-signs.json	2549	3	0	18	0	0	0	0	0	18	0	0	0	0	0	0	0	1	0	0	0	258	200	0	0	0	4	0	1
fsh-generated/resources/StructureDefinition-departure-date.json	1210	2	0	3	1	0	0	0	0	5	0	0	0	0	0	0	0	0	0	0	0	91	71	0	0	0	1	0	0
fsh-generated/resources/StructureDefinition-deployment-tag.json	1129	1	0	2	0	0	0	0	0	4	0	0	0	0	0	0	0	0	0	0	0	101	72	0	0	0	0	0	0
fsh-generated/resources/StructureDefinition-disaster-relation.json	1618	1	0	3	0	0	0	0	0	4	0	0	0	0	0	0	0	0	0	0	0	93	87	0	0	0	1	0	0
fsh-generated/resources/StructureDefinition-estimated-age.json	1280	1	0	2	0	0	0	0	0	5	0	0	0	0	0	0	0	0	0	0	0	88	83	0	0	0	1	0	0
fsh-generated/resources/StructureDefinition-exposure-history.json	1179	1	0	2	0	0	0	0	0	4	0	0	0	0	0	0	0	0	0	0	0	79	80	0	0	0	1	0	0
fsh-generated/resources/StructureDefinition-mass-casualty-mode.json	1135	1	0	2	0	0	0	0	0	5	0	0	0	0	0	0	0	0	0	0	0	83	85	0	0	0	1	0	0
fsh-generated/resources/StructureDefinition-treatment-level.json	1518	1	0	2	0	0	0	0	0	5	0	0	0	0	0	0	0	0	0	0	0	81	83	0	0	0	0	0	0
fsh-generated/resources/ValueSet-body-region-vs.json	428	0	0	0	0	0	0	0	0	22	0	0	0	0	0	0	0	0	0	0	0	54	68	0	0	0	0	0	0
fsh-generated/resources/ValueSet-disaster-relation-vs.json	370	1	0	0	0	0	0	0	0	1	0	0	0	0	0	0	0	0	0	0	0	49	44	0	0	0	0	0	0
fsh-generated/resources/ValueSet-notifiable-verification-vs.json	805	0	0	0	0	0	0	0	0	3	0	0	0	0	0	0	0	0	0	0	0	56	47	0	0	0	0	0	0
fsh-generated/resources/ValueSet-treatment-level-vs.json	362	1	0	0	0	0	0	0	0	1	0	0	0	0	0	0	0	0	0	0	0	51	61	0	0	0	1	0	0
/fsh-generated/includes/menu.xml	1966	-	-	-	0	0	0	0	0	0	0	0	0	0	0	0	0	0	0	0	0	0	1	0	0	0	0	0	0
/fsh-generated/includes/fsh-link-references.md	3158	-	-	-	0	0	0	0	0	0	0	0	0	0	0	0	0	0	0	0	0	0	1	0	0	0	0	0	0
/input/pagecontent/open.md	4739	-	-	-	0	0	0	0	0	0	0	0	0	0	0	0	0	0	0	0	0	0	0	0	0	0	0	0	0
/input/pagecontent/relationship.md	7051	-	-	-	0	0	0	0	0	0	0	0	0	0	0	0	0	0	0	0	0	0	1	0	0	0	0	0	0
/input/pagecontent/conventions.md	6483	-	-	-	0	0	0	0	0	0	0	0	0	0	0	0	0	0	0	0	0	0	0	0	0	0	0	0	0
/input/pagecontent/index.md	4917	-	-	-	0	0	0	0	0	0	0	0	0	0	0	0	0	0	0	0	0	0	1	0	0	0	0	0	0
/input/pagecontent/record.md	9389	-	-	-	0	0	0	0	0	0	0	0	0	0	0	0	0	0	0	0	0	0	0	0	0	0	0	0	0
/input/pagecontent/terminology.md	7001	-	-	-	0	0	0	0	0	0	0	0	0	0	0	0	0	0	0	0	0	0	1	0	0	0	0	0	0
/input/pagecontent/rationale.md	16254	-	-	-	0	0	0	0	0	0	0	0	0	0	0	0	0	0	0	0	0	0	1	0	0	0	0	0	0
/input/pagecontent/evidence.md	6269	-	-	-	0	0	0	0	0	0	0	0	0	0	0	0	0	0	0	0	0	0	0	0	0	0	0	0	0
/template/config	0	-	-	-	0	0	0	0	0	0	0	0	0	0	0	0	0	0	0	0	0	0	0	0	0	0	0	0	0
/template/config/_config.yml	140	-	-	-	0	0	0	0	0	0	0	0	0	0	0	0	0	0	0	0	0	0	0	0	0	0	0	0	0
/temp/pages/_includes/artifacts.xml	37635	-	-	-	-	-	-	-	-	-	-	-	-	-	-	-	-	-	-	-	-	-	3	0	0	0	0	0	0
